ID;REGIAO;MÊS/ANO;CONSUMO_MEDIO
1;NORDESTE;jan/00;5.666,03
2;NORTE;jan/00;2.397,64
3;SUDESTE/CO;jan/00;24.463,19
4;SUL;jan/00;6.726,54
5;NORDESTE;fev/00;5.780,17
6;NORTE;fev/00;2.409,04
7;SUDESTE/CO;fev/00;25.588,79
8;SUL;fev/00;6.887,40
9;NORDESTE;mar/00;5.839,95
10;NORTE;mar/00;2.407,97
11;SUDESTE/CO;mar/00;25.470,86
12;SUL;mar/00;6.837,29
13;NORDESTE;abr/00;5.766,37
14;NORTE;abr/00;2.417,57
15;SUDESTE/CO;abr/00;25.352,03
16;SUL;abr/00;6.678,98
17;NORDESTE;mai/00;5.839,98
18;NORTE;mai/00;2.461,80
19;SUDESTE/CO;mai/00;25.457,52
20;SUL;mai/00;6.649,09
21;NORDESTE;jun/00;5.697,51
22;NORTE;jun/00;2.487,27
23;SUDESTE/CO;jun/00;25.655,76
24;SUL;jun/00;6.704,43
25;NORDESTE;jul/00;5.633,05
26;NORTE;jul/00;2.441,67
27;SUDESTE/CO;jul/00;25.300,00
28;SUL;jul/00;6.590,13
29;NORDESTE;ago/00;5.783,96
30;NORTE;ago/00;2.564,47
31;SUDESTE/CO;ago/00;26.006,39
32;SUL;ago/00;6.719,18
33;NORDESTE;set/00;5.882,01
34;NORTE;set/00;2.586,58
35;SUDESTE/CO;set/00;26.045,45
36;SUL;set/00;6.561,04
37;NORDESTE;out/00;6.149,07
38;NORTE;out/00;2.565,32
39;SUDESTE/CO;out/00;27.077,48
40;SUL;out/00;6.765,58
41;NORDESTE;nov/00;6.221,26
42;NORTE;nov/00;2.562,27
43;SUDESTE/CO;nov/00;26.253,36
44;SUL;nov/00;6.825,50
45;NORDESTE;dez/00;6.093,44
46;NORTE;dez/00;2.540,15
47;SUDESTE/CO;dez/00;26.041,56
48;SUL;dez/00;6.894,45
49;NORDESTE;jan/01;6.098,42
50;NORTE;jan/01;2.521,86
51;SUDESTE/CO;jan/01;26.625,98
52;SUL;jan/01;7.218,12
53;NORDESTE;fev/01;6.243,73
54;NORTE;fev/01;2.508,25
55;SUDESTE/CO;fev/01;27.539,33
56;SUL;fev/01;7.470,30
57;NORDESTE;mar/01;6.186,36
58;NORTE;mar/01;2.523,30
59;SUDESTE/CO;mar/01;27.824,66
60;SUL;mar/01;7.737,79
61;NORDESTE;abr/01;5.970,96
62;NORTE;abr/01;2.543,35
63;SUDESTE/CO;abr/01;27.213,96
64;SUL;abr/01;7.160,87
65;NORDESTE;mai/01;5.881,93
66;NORTE;mai/01;2.607,19
67;SUDESTE/CO;mai/01;25.055,14
68;SUL;mai/01;6.742,81
69;NORDESTE;jun/01;4.546,77
70;NORTE;jun/01;2.539,35
71;SUDESTE/CO;jun/01;20.512,82
72;SUL;jun/01;6.417,52
73;NORDESTE;jul/01;4.472,27
74;NORTE;jul/01;2.220,61
75;SUDESTE/CO;jul/01;19.852,43
76;SUL;jul/01;6.399,32
77;NORDESTE;ago/01;4.596,13
78;NORTE;ago/01;2.150,64
79;SUDESTE/CO;ago/01;20.395,29
80;SUL;ago/01;6.667,85
81;NORDESTE;set/01;4.753,09
82;NORTE;set/01;2.065,40
83;SUDESTE/CO;set/01;20.646,84
84;SUL;set/01;6.430,79
85;NORDESTE;out/01;4.888,57
86;NORTE;out/01;2.095,14
87;SUDESTE/CO;out/01;20.952,32
88;SUL;out/01;6.615,64
89;NORDESTE;nov/01;4.961,09
90;NORTE;nov/01;2.058,81
91;SUDESTE/CO;nov/01;21.504,03
92;SUL;nov/01;6.753,24
93;NORDESTE;dez/01;4.981,32
94;NORTE;dez/01;2.027,06
95;SUDESTE/CO;dez/01;21.349,01
96;SUL;dez/01;6.604,44
97;NORDESTE;jan/02;4.918,07
98;NORTE;jan/02;2.169,83
99;SUDESTE/CO;jan/02;22.719,88
100;SUL;jan/02;6.691,21
101;NORDESTE;fev/02;5.247,68
102;NORTE;fev/02;2.179,53
103;SUDESTE/CO;fev/02;23.452,70
104;SUL;fev/02;6.813,44
105;NORDESTE;mar/02;5.378,06
106;NORTE;mar/02;2.306,50
107;SUDESTE/CO;mar/02;25.133,20
108;SUL;mar/02;7.129,68
109;NORDESTE;abr/02;5.567,27
110;NORTE;abr/02;2.495,57
111;SUDESTE/CO;abr/02;25.772,85
112;SUL;abr/02;6.905,07
113;NORDESTE;mai/02;5.512,95
114;NORTE;mai/02;2.282,08
115;SUDESTE/CO;mai/02;24.774,47
116;SUL;mai/02;6.579,32
117;NORDESTE;jun/02;5.424,86
118;NORTE;jun/02;2.297,16
119;SUDESTE/CO;jun/02;24.626,90
120;SUL;jun/02;6.527,42
121;NORDESTE;jul/02;5.557,56
122;NORTE;jul/02;2.369,90
123;SUDESTE/CO;jul/02;24.237,85
124;SUL;jul/02;6.502,24
125;NORDESTE;ago/02;5.667,05
126;NORTE;ago/02;2.439,61
127;SUDESTE/CO;ago/02;25.149,89
128;SUL;ago/02;6.567,43
129;NORDESTE;set/02;5.847,87
130;NORTE;set/02;2.347,18
131;SUDESTE/CO;set/02;24.970,47
132;SUL;set/02;6.394,50
133;NORDESTE;out/02;6.085,98
134;NORTE;out/02;2.267,90
135;SUDESTE/CO;out/02;27.126,01
136;SUL;out/02;6.806,04
137;NORDESTE;nov/02;6.180,77
138;NORTE;nov/02;2.313,48
139;SUDESTE/CO;nov/02;26.383,90
140;SUL;nov/02;6.741,83
141;NORDESTE;dez/02;6.100,11
142;NORTE;dez/02;2.588,39
143;SUDESTE/CO;dez/02;25.636,16
144;SUL;dez/02;6.650,01
145;NORDESTE;jan/03;6.152,37
146;NORTE;jan/03;2.611,26
147;SUDESTE/CO;jan/03;25.693,74
148;SUL;jan/03;7.029,96
149;NORDESTE;fev/03;5.958,60
150;NORTE;fev/03;2.682,51
151;SUDESTE/CO;fev/03;27.507,62
152;SUL;fev/03;7.360,90
153;NORDESTE;mar/03;5.833,34
154;NORTE;mar/03;2.712,74
155;SUDESTE/CO;mar/03;26.389,86
156;SUL;mar/03;7.080,43
157;NORDESTE;abr/03;5.987,99
158;NORTE;abr/03;2.774,45
159;SUDESTE/CO;abr/03;26.235,75
160;SUL;abr/03;6.804,05
161;NORDESTE;mai/03;5.919,62
162;NORTE;mai/03;2.846,97
163;SUDESTE/CO;mai/03;25.354,75
164;SUL;mai/03;6.597,39
165;NORDESTE;jun/03;5.734,50
166;NORTE;jun/03;2.862,79
167;SUDESTE/CO;jun/03;25.326,09
168;SUL;jun/03;6.572,20
169;NORDESTE;jul/03;5.783,53
170;NORTE;jul/03;2.745,87
171;SUDESTE/CO;jul/03;25.308,79
172;SUL;jul/03;6.656,90
173;NORDESTE;ago/03;5.922,73
174;NORTE;ago/03;2.610,08
175;SUDESTE/CO;ago/03;25.465,21
176;SUL;ago/03;6.566,82
177;NORDESTE;set/03;6.153,35
178;NORTE;set/03;2.666,07
179;SUDESTE/CO;set/03;26.242,63
180;SUL;set/03;6.773,09
181;NORDESTE;out/03;6.325,03
182;NORTE;out/03;2.683,48
183;SUDESTE/CO;out/03;26.829,76
184;SUL;out/03;6.876,26
185;NORDESTE;nov/03;6.312,73
186;NORTE;nov/03;2.872,80
187;SUDESTE/CO;nov/03;26.804,53
188;SUL;nov/03;6.945,77
189;NORDESTE;dez/03;6.388,42
190;NORTE;dez/03;2.829,30
191;SUDESTE/CO;dez/03;26.662,94
192;SUL;dez/03;6.831,29
193;NORDESTE;jan/04;5.975,14
194;NORTE;jan/04;2.866,97
195;SUDESTE/CO;jan/04;26.275,93
196;SUL;jan/04;7.205,92
197;NORDESTE;fev/04;5.939,70
198;NORTE;fev/04;2.846,26
199;SUDESTE/CO;fev/04;26.801,95
200;SUL;fev/04;7.395,33
201;NORDESTE;mar/04;6.199,62
202;NORTE;mar/04;2.922,58
203;SUDESTE/CO;mar/04;27.520,84
204;SUL;mar/04;7.639,80
205;NORDESTE;abr/04;6.209,77
206;NORTE;abr/04;2.924,74
207;SUDESTE/CO;abr/04;27.323,34
208;SUL;abr/04;7.421,00
209;NORDESTE;mai/04;6.168,84
210;NORTE;mai/04;2.988,83
211;SUDESTE/CO;mai/04;26.606,30
212;SUL;mai/04;6.961,25
213;NORDESTE;jun/04;6.000,00
214;NORTE;jun/04;2.997,60
215;SUDESTE/CO;jun/04;26.579,45
216;SUL;jun/04;7.053,38
217;NORDESTE;jul/04;6.037,20
218;NORTE;jul/04;2.991,48
219;SUDESTE/CO;jul/04;26.657,82
220;SUL;jul/04;7.071,70
221;NORDESTE;ago/04;6.221,52
222;NORTE;ago/04;3.014,82
223;SUDESTE/CO;ago/04;27.178,63
224;SUL;ago/04;7.112,19
225;NORDESTE;set/04;6.442,20
226;NORTE;set/04;3.042,84
227;SUDESTE/CO;set/04;28.426,39
228;SUL;set/04;7.229,75
229;NORDESTE;out/04;6.598,93
230;NORTE;out/04;3.033,29
231;SUDESTE/CO;out/04;27.771,50
232;SUL;out/04;7.058,35
233;NORDESTE;nov/04;6.695,90
234;NORTE;nov/04;3.022,35
235;SUDESTE/CO;nov/04;28.156,11
236;SUL;nov/04;7.241,64
237;NORDESTE;dez/04;6.734,78
238;NORTE;dez/04;3.022,02
239;SUDESTE/CO;dez/04;27.695,44
240;SUL;dez/04;7.451,37
241;NORDESTE;jan/05;6.701,02
242;NORTE;jan/05;2.982,25
243;SUDESTE/CO;jan/05;27.829,38
244;SUL;jan/05;7.812,91
245;NORDESTE;fev/05;6.666,22
246;NORTE;fev/05;2.991,05
247;SUDESTE/CO;fev/05;28.324,55
248;SUL;fev/05;8.037,17
249;NORDESTE;mar/05;6.774,05
250;NORTE;mar/05;3.041,24
251;SUDESTE/CO;mar/05;29.329,89
252;SUL;mar/05;8.175,21
253;NORDESTE;abr/05;6.731,56
254;NORTE;abr/05;3.043,10
255;SUDESTE/CO;abr/05;29.611,06
256;SUL;abr/05;7.701,99
257;NORDESTE;mai/05;6.551,29
258;NORTE;mai/05;3.112,13
259;SUDESTE/CO;mai/05;27.852,87
260;SUL;mai/05;7.313,98
261;NORDESTE;jun/05;6.391,43
262;NORTE;jun/05;3.126,66
263;SUDESTE/CO;jun/05;27.921,10
264;SUL;jun/05;7.396,15
265;NORDESTE;jul/05;6.409,13
266;NORTE;jul/05;3.026,75
267;SUDESTE/CO;jul/05;27.217,24
268;SUL;jul/05;7.124,24
269;NORDESTE;ago/05;6.571,49
270;NORTE;ago/05;3.134,21
271;SUDESTE/CO;ago/05;28.499,20
272;SUL;ago/05;7.288,75
273;NORDESTE;set/05;6.797,35
274;NORTE;set/05;3.169,68
275;SUDESTE/CO;set/05;28.242,87
276;SUL;set/05;7.199,53
277;NORDESTE;out/05;6.885,06
278;NORTE;out/05;3.160,95
279;SUDESTE/CO;out/05;28.991,80
280;SUL;out/05;7.321,90
281;NORDESTE;nov/05;6.968,13
282;NORTE;nov/05;3.207,02
283;SUDESTE/CO;nov/05;28.312,46
284;SUL;nov/05;7.615,23
285;NORDESTE;dez/05;6.884,55
286;NORTE;dez/05;3.215,39
287;SUDESTE/CO;dez/05;28.163,80
288;SUL;dez/05;7.724,79
289;NORDESTE;jan/06;6.932,53
290;NORTE;jan/06;3.242,00
291;SUDESTE/CO;jan/06;29.410,10
292;SUL;jan/06;8.115,45
293;NORDESTE;fev/06;7.020,88
294;NORTE;fev/06;3.285,11
295;SUDESTE/CO;fev/06;30.149,91
296;SUL;fev/06;8.280,37
297;NORDESTE;mar/06;6.984,03
298;NORTE;mar/06;3.305,50
299;SUDESTE/CO;mar/06;30.646,28
300;SUL;mar/06;8.410,28
301;NORDESTE;abr/06;6.718,56
302;NORTE;abr/06;3.262,09
303;SUDESTE/CO;abr/06;28.994,80
304;SUL;abr/06;7.658,64
305;NORDESTE;mai/06;6.643,10
306;NORTE;mai/06;3.351,24
307;SUDESTE/CO;mai/06;28.369,73
308;SUL;mai/06;7.663,54
309;NORDESTE;jun/06;6.526,42
310;NORTE;jun/06;3.396,61
311;SUDESTE/CO;jun/06;28.456,18
312;SUL;jun/06;7.682,02
313;NORDESTE;jul/06;6.544,46
314;NORTE;jul/06;3.324,30
315;SUDESTE/CO;jul/06;28.707,10
316;SUL;jul/06;7.612,42
317;NORDESTE;ago/06;6.829,50
318;NORTE;ago/06;3.437,60
319;SUDESTE/CO;ago/06;29.679,79
320;SUL;ago/06;7.741,26
321;NORDESTE;set/06;7.018,98
322;NORTE;set/06;3.412,26
323;SUDESTE/CO;set/06;29.081,10
324;SUL;set/06;7.499,73
325;NORDESTE;out/06;7.196,41
326;NORTE;out/06;3.420,35
327;SUDESTE/CO;out/06;29.255,40
328;SUL;out/06;7.762,99
329;NORDESTE;nov/06;7.228,43
330;NORTE;nov/06;3.389,91
331;SUDESTE/CO;nov/06;29.796,30
332;SUL;nov/06;7.820,44
333;NORDESTE;dez/06;7.279,09
334;NORTE;dez/06;3.401,54
335;SUDESTE/CO;dez/06;29.725,44
336;SUL;dez/06;7.980,38
337;NORDESTE;jan/07;7.439,26
338;NORTE;jan/07;3.420,18
339;SUDESTE/CO;jan/07;29.960,04
340;SUL;jan/07;8.349,93
341;NORDESTE;fev/07;7.080,92
342;NORTE;fev/07;3.313,05
343;SUDESTE/CO;fev/07;30.970,75
344;SUL;fev/07;8.529,34
345;NORDESTE;mar/07;7.157,69
346;NORTE;mar/07;3.390,02
347;SUDESTE/CO;mar/07;32.676,09
348;SUL;mar/07;8.767,48
349;NORDESTE;abr/07;7.124,76
350;NORTE;abr/07;3.481,12
351;SUDESTE/CO;abr/07;31.350,06
352;SUL;abr/07;8.177,32
353;NORDESTE;mai/07;7.052,04
354;NORTE;mai/07;3.537,50
355;SUDESTE/CO;mai/07;29.881,49
356;SUL;mai/07;7.919,79
357;NORDESTE;jun/07;6.953,37
358;NORTE;jun/07;3.457,95
359;SUDESTE/CO;jun/07;29.542,48
360;SUL;jun/07;7.838,01
361;NORDESTE;jul/07;7.028,23
362;NORTE;jul/07;3.434,06
363;SUDESTE/CO;jul/07;29.573,76
364;SUL;jul/07;7.910,57
365;NORDESTE;ago/07;7.056,68
366;NORTE;ago/07;3.526,16
367;SUDESTE/CO;ago/07;30.566,28
368;SUL;ago/07;8.035,02
369;NORDESTE;set/07;7.248,92
370;NORTE;set/07;3.552,61
371;SUDESTE/CO;set/07;31.166,00
372;SUL;set/07;7.889,68
373;NORDESTE;out/07;7.540,23
374;NORTE;out/07;3.562,31
375;SUDESTE/CO;out/07;31.967,15
376;SUL;out/07;8.143,16
377;NORDESTE;nov/07;7.695,37
378;NORTE;nov/07;3.533,29
379;SUDESTE/CO;nov/07;31.251,06
380;SUL;nov/07;8.097,94
381;NORDESTE;dez/07;7.494,32
382;NORTE;dez/07;3.495,22
383;SUDESTE/CO;dez/07;31.206,32
384;SUL;dez/07;8.353,20
385;NORDESTE;jan/08;7.463,34
386;NORTE;jan/08;3.467,76
387;SUDESTE/CO;jan/08;31.190,81
388;SUL;jan/08;8.754,52
389;NORDESTE;fev/08;7.497,82
390;NORTE;fev/08;3.533,27
391;SUDESTE/CO;fev/08;31.503,22
392;SUL;fev/08;9.004,06
393;NORDESTE;mar/08;7.385,15
394;NORTE;mar/08;3.556,94
395;SUDESTE/CO;mar/08;32.245,94
396;SUL;mar/08;8.769,57
397;NORDESTE;abr/08;7.473,69
398;NORTE;abr/08;3.605,88
399;SUDESTE/CO;abr/08;32.252,53
400;SUL;abr/08;8.537,26
401;NORDESTE;mai/08;7.466,57
402;NORTE;mai/08;3.641,96
403;SUDESTE/CO;mai/08;30.832,63
404;SUL;mai/08;8.008,61
405;NORDESTE;jun/08;7.227,85
406;NORTE;jun/08;3.633,81
407;SUDESTE/CO;jun/08;31.221,21
408;SUL;jun/08;8.278,50
409;NORDESTE;jul/08;7.160,86
410;NORTE;jul/08;3.624,53
411;SUDESTE/CO;jul/08;31.335,82
412;SUL;jul/08;8.373,81
413;NORDESTE;ago/08;7.373,48
414;NORTE;ago/08;3.693,59
415;SUDESTE/CO;ago/08;32.320,35
416;SUL;ago/08;8.239,53
417;NORDESTE;set/08;7.661,39
418;NORTE;set/08;3.741,49
419;SUDESTE/CO;set/08;32.087,31
420;SUL;set/08;8.239,58
421;NORDESTE;out/08;7.806,04
422;NORTE;out/08;3.744,64
423;SUDESTE/CO;out/08;32.914,44
424;SUL;out/08;8.333,55
425;NORDESTE;nov/08;7.835,03
426;NORTE;nov/08;3.692,19
427;SUDESTE/CO;nov/08;30.936,55
428;SUL;nov/08;8.352,76
429;NORDESTE;dez/08;7.353,98
430;NORTE;dez/08;3.619,03
431;SUDESTE/CO;dez/08;28.845,63
432;SUL;dez/08;8.248,51
433;NORDESTE;jan/09;7.294,53
434;NORTE;jan/09;3.569,13
435;SUDESTE/CO;jan/09;29.582,49
436;SUL;jan/09;8.344,89
437;NORDESTE;fev/09;7.366,75
438;NORTE;fev/09;3.483,25
439;SUDESTE/CO;fev/09;31.328,50
440;SUL;fev/09;8.933,44
441;NORDESTE;mar/09;7.612,02
442;NORTE;mar/09;3.570,15
443;SUDESTE/CO;mar/09;32.278,25
444;SUL;mar/09;9.095,49
445;NORDESTE;abr/09;7.349,42
446;NORTE;abr/09;3.552,64
447;SUDESTE/CO;abr/09;30.176,04
448;SUL;abr/09;8.537,68
449;NORDESTE;mai/09;7.123,15
450;NORTE;mai/09;3.539,47
451;SUDESTE/CO;mai/09;29.781,37
452;SUL;mai/09;8.199,39
453;NORDESTE;jun/09;7.095,80
454;NORTE;jun/09;3.623,46
455;SUDESTE/CO;jun/09;29.069,18
456;SUL;jun/09;8.260,60
457;NORDESTE;jul/09;7.212,79
458;NORTE;jul/09;3.568,45
459;SUDESTE/CO;jul/09;30.106,70
460;SUL;jul/09;8.199,57
461;NORDESTE;ago/09;7.328,16
462;NORTE;ago/09;3.587,16
463;SUDESTE/CO;ago/09;30.694,91
464;SUL;ago/09;7.984,50
465;NORDESTE;set/09;7.744,09
466;NORTE;set/09;3.635,33
467;SUDESTE/CO;set/09;31.984,11
468;SUL;set/09;8.046,30
469;NORDESTE;out/09;7.935,48
470;NORTE;out/09;3.610,09
471;SUDESTE/CO;out/09;31.928,35
472;SUL;out/09;8.176,25
473;NORDESTE;nov/09;7.959,13
474;NORTE;nov/09;3.651,68
475;SUDESTE/CO;nov/09;33.636,32
476;SUL;nov/09;8.724,04
477;NORDESTE;dez/09;7.999,65
478;NORTE;dez/09;3.660,21
479;SUDESTE/CO;dez/09;32.458,14
480;SUL;dez/09;8.581,27
481;NORDESTE;jan/10;7.971,63
482;NORTE;jan/10;3.713,62
483;SUDESTE/CO;jan/10;33.450,03
484;SUL;jan/10;8.879,47
485;NORDESTE;fev/10;8.289,27
486;NORTE;fev/10;3.806,77
487;SUDESTE/CO;fev/10;34.947,74
488;SUL;fev/10;9.597,29
489;NORDESTE;mar/10;8.579,18
490;NORTE;mar/10;3.907,50
491;SUDESTE/CO;mar/10;34.749,57
492;SUL;mar/10;9.445,45
493;NORDESTE;abr/10;8.174,59
494;NORTE;abr/10;3.839,55
495;SUDESTE/CO;abr/10;32.848,23
496;SUL;abr/10;8.620,74
497;NORDESTE;mai/10;8.312,16
498;NORTE;mai/10;3.887,54
499;SUDESTE/CO;mai/10;32.201,11
500;SUL;mai/10;8.235,42
501;NORDESTE;jun/10;8.008,55
502;NORTE;jun/10;3.792,42
503;SUDESTE/CO;jun/10;31.855,41
504;SUL;jun/10;8.465,89
505;NORDESTE;jul/10;7.846,89
506;NORTE;jul/10;3.777,03
507;SUDESTE/CO;jul/10;32.437,61
508;SUL;jul/10;8.587,49
509;NORDESTE;ago/10;7.746,28
510;NORTE;ago/10;3.861,28
511;SUDESTE/CO;ago/10;32.644,58
512;SUL;ago/10;8.578,80
513;NORDESTE;set/10;8.001,39
514;NORTE;set/10;3.938,02
515;SUDESTE/CO;set/10;33.859,61
516;SUL;set/10;8.584,63
517;NORDESTE;out/10;8.361,33
518;NORTE;out/10;3.897,17
519;SUDESTE/CO;out/10;32.999,52
520;SUL;out/10;8.521,13
521;NORDESTE;nov/10;8.321,02
522;NORTE;nov/10;3.902,78
523;SUDESTE/CO;nov/10;33.024,02
524;SUL;nov/10;9.048,86
525;NORDESTE;dez/10;8.088,36
526;NORTE;dez/10;3.851,79
527;SUDESTE/CO;dez/10;34.271,99
528;SUL;dez/10;9.124,18
529;NORDESTE;jan/11;7.974,06
530;NORTE;jan/11;3.793,57
531;SUDESTE/CO;jan/11;34.806,31
532;SUL;jan/11;9.772,79
533;NORDESTE;fev/11;8.087,94
534;NORTE;fev/11;3.863,92
535;SUDESTE/CO;fev/11;37.069,76
536;SUL;fev/11;9.969,09
537;NORDESTE;mar/11;8.291,75
538;NORTE;mar/11;3.938,36
539;SUDESTE/CO;mar/11;34.865,86
540;SUL;mar/11;9.624,80
541;NORDESTE;abr/11;8.203,19
542;NORTE;abr/11;4.035,89
543;SUDESTE/CO;abr/11;34.864,43
544;SUL;abr/11;8.916,48
545;NORDESTE;mai/11;8.002,64
546;NORTE;mai/11;4.098,87
547;SUDESTE/CO;mai/11;33.298,78
548;SUL;mai/11;8.847,45
549;NORDESTE;jun/11;7.924,34
550;NORTE;jun/11;4.034,11
551;SUDESTE/CO;jun/11;32.560,92
552;SUL;jun/11;8.890,49
553;NORDESTE;jul/11;7.866,23
554;NORTE;jul/11;3.941,90
555;SUDESTE/CO;jul/11;33.046,84
556;SUL;jul/11;8.996,59
557;NORDESTE;ago/11;8.138,98
558;NORTE;ago/11;4.078,85
559;SUDESTE/CO;ago/11;34.700,31
560;SUL;ago/11;9.301,97
561;NORDESTE;set/11;8.279,48
562;NORTE;set/11;4.127,87
563;SUDESTE/CO;set/11;34.834,44
564;SUL;set/11;9.115,00
565;NORDESTE;out/11;8.385,03
566;NORTE;out/11;4.062,89
567;SUDESTE/CO;out/11;34.381,73
568;SUL;out/11;9.247,77
569;NORDESTE;nov/11;8.408,75
570;NORTE;nov/11;4.041,62
571;SUDESTE/CO;nov/11;34.742,62
572;SUL;nov/11;9.591,62
573;NORDESTE;dez/11;8.525,97
574;NORTE;dez/11;4.067,70
575;SUDESTE/CO;dez/11;35.081,43
576;SUL;dez/11;9.818,17
577;NORDESTE;jan/12;8.608,90
578;NORTE;jan/12;4.004,55
579;SUDESTE/CO;jan/12;35.138,75
580;SUL;jan/12;10.168,29
581;NORDESTE;fev/12;8.541,47
582;NORTE;fev/12;4.072,52
583;SUDESTE/CO;fev/12;37.785,03
584;SUL;fev/12;10.988,82
585;NORDESTE;mar/12;8.915,61
586;NORTE;mar/12;4.149,51
587;SUDESTE/CO;mar/12;38.142,09
588;SUL;mar/12;10.625,37
589;NORDESTE;abr/12;8.871,77
590;NORTE;abr/12;4.189,55
591;SUDESTE/CO;abr/12;36.429,94
592;SUL;abr/12;9.712,80
593;NORDESTE;mai/12;8.755,93
594;NORTE;mai/12;4.116,47
595;SUDESTE/CO;mai/12;34.040,26
596;SUL;mai/12;9.683,71
597;NORDESTE;jun/12;8.484,00
598;NORTE;jun/12;3.933,95
599;SUDESTE/CO;jun/12;32.396,58
600;SUL;jun/12;9.369,23
601;NORDESTE;jul/12;8.404,71
602;NORTE;jul/12;3.927,91
603;SUDESTE/CO;jul/12;32.553,35
604;SUL;jul/12;9.376,48
605;NORDESTE;ago/12;8.473,09
606;NORTE;ago/12;4.044,91
607;SUDESTE/CO;ago/12;34.867,93
608;SUL;ago/12;9.713,46
609;NORDESTE;set/12;8.745,60
610;NORTE;set/12;4.130,99
611;SUDESTE/CO;set/12;35.552,70
612;SUL;set/12;9.439,25
613;NORDESTE;out/12;8.767,57
614;NORTE;out/12;4.100,42
615;SUDESTE/CO;out/12;36.819,26
616;SUL;out/12;9.693,48
617;NORDESTE;nov/12;9.018,91
618;NORTE;nov/12;4.041,71
619;SUDESTE/CO;nov/12;34.588,82
620;SUL;nov/12;10.308,61
621;NORDESTE;dez/12;9.151,67
622;NORTE;dez/12;3.932,70
623;SUDESTE/CO;dez/12;36.179,26
624;SUL;dez/12;10.275,06
625;NORDESTE;jan/13;9.196,49
626;NORTE;jan/13;3.955,97
627;SUDESTE/CO;jan/13;34.415,28
628;SUL;jan/13;10.510,62
629;NORDESTE;fev/13;9.328,82
630;NORTE;fev/13;4.068,56
631;SUDESTE/CO;fev/13;36.703,99
632;SUL;fev/13;10.931,28
633;NORDESTE;mar/13;9.582,05
634;NORTE;mar/13;4.218,49
635;SUDESTE/CO;mar/13;36.142,05
636;SUL;mar/13;10.169,06
637;NORDESTE;abr/13;9.621,26
638;NORTE;abr/13;4.244,86
639;SUDESTE/CO;abr/13;34.505,94
640;SUL;abr/13;10.166,19
641;NORDESTE;mai/13;9.129,66
642;NORTE;mai/13;4.215,81
643;SUDESTE/CO;mai/13;33.046,06
644;SUL;mai/13;9.773,15
645;NORDESTE;jun/13;8.996,60
646;NORTE;jun/13;4.017,35
647;SUDESTE/CO;jun/13;32.968,85
648;SUL;jun/13;9.846,39
649;NORDESTE;jul/13;8.926,61
650;NORTE;jul/13;4.637,35
651;SUDESTE/CO;jul/13;32.891,40
652;SUL;jul/13;10.152,86
653;NORDESTE;ago/13;8.988,84
654;NORTE;ago/13;5.179,06
655;SUDESTE/CO;ago/13;33.964,25
656;SUL;ago/13;10.035,22
657;NORDESTE;set/13;9.218,27
658;NORTE;set/13;5.188,62
659;SUDESTE/CO;set/13;34.766,62
660;SUL;set/13;9.869,16
661;NORDESTE;out/13;9.520,43
662;NORTE;out/13;5.141,04
663;SUDESTE/CO;out/13;35.398,40
664;SUL;out/13;10.160,34
665;NORDESTE;nov/13;9.498,03
666;NORTE;nov/13;5.038,77
667;SUDESTE/CO;nov/13;35.381,62
668;SUL;nov/13;10.514,15
669;NORDESTE;dez/13;9.550,30
670;NORTE;dez/13;5.174,76
671;SUDESTE/CO;dez/13;35.336,64
672;SUL;dez/13;10.866,35
673;NORDESTE;jan/14;9.707,14
674;NORTE;jan/14;5.182,91
675;SUDESTE/CO;jan/14;38.704,86
676;SUL;jan/14;11.774,17
677;NORDESTE;fev/14;9.777,36
678;NORTE;fev/14;5.197,88
679;SUDESTE/CO;fev/14;39.819,66
680;SUL;fev/14;12.400,69
681;NORDESTE;mar/14;9.712,33
682;NORTE;mar/14;5.190,22
683;SUDESTE/CO;mar/14;37.542,74
684;SUL;mar/14;10.870,85
685;NORDESTE;abr/14;9.773,35
686;NORTE;abr/14;5.224,98
687;SUDESTE/CO;abr/14;35.486,97
688;SUL;abr/14;10.398,65
689;NORDESTE;mai/14;9.526,03
690;NORTE;mai/14;5.127,94
691;SUDESTE/CO;mai/14;35.309,27
692;SUL;mai/14;10.019,66
693;NORDESTE;jun/14;9.141,54
694;NORTE;jun/14;4.984,80
695;SUDESTE/CO;jun/14;34.120,95
696;SUL;jun/14;9.923,49
697;NORDESTE;jul/14;9.207,40
698;NORTE;jul/14;4.995,03
699;SUDESTE/CO;jul/14;34.146,18
700;SUL;jul/14;10.128,58
701;NORDESTE;ago/14;9.235,90
702;NORTE;ago/14;5.116,61
703;SUDESTE/CO;ago/14;34.537,10
704;SUL;ago/14;9.943,66
705;NORDESTE;set/14;9.590,70
706;NORTE;set/14;5.294,31
707;SUDESTE/CO;set/14;36.110,88
708;SUL;set/14;9.959,57
709;NORDESTE;out/14;9.714,67
710;NORTE;out/14;5.120,88
711;SUDESTE/CO;out/14;37.053,12
712;SUL;out/14;10.477,52
713;NORDESTE;nov/14;9.826,50
714;NORTE;nov/14;5.151,17
715;SUDESTE/CO;nov/14;36.280,76
716;SUL;nov/14;10.751,63
717;NORDESTE;dez/14;9.665,72
718;NORTE;dez/14;5.068,56
719;SUDESTE/CO;dez/14;36.171,19
720;SUL;dez/14;10.716,20
721;NORDESTE;jan/15;10.042,26
722;NORTE;jan/15;4.992,72
723;SUDESTE/CO;jan/15;40.467,71
724;SUL;jan/15;11.607,68
725;NORDESTE;fev/15;10.003,65
726;NORTE;fev/15;5.002,30
727;SUDESTE/CO;fev/15;39.133,78
728;SUL;fev/15;11.707,08
729;NORDESTE;mar/15;10.058,70
730;NORTE;mar/15;5.091,45
731;SUDESTE/CO;mar/15;38.210,43
732;SUL;mar/15;11.622,86
733;NORDESTE;abr/15;10.070,90
734;NORTE;abr/15;5.163,63
735;SUDESTE/CO;abr/15;35.811,95
736;SUL;abr/15;10.478,21
737;NORDESTE;mai/15;9.804,35
738;NORTE;mai/15;5.120,86
739;SUDESTE/CO;mai/15;33.218,03
740;SUL;mai/15;9.837,77
741;NORDESTE;jun/15;9.447,67
742;NORTE;jun/15;5.086,50
743;SUDESTE/CO;jun/15;32.475,57
744;SUL;jun/15;9.769,19
745;NORDESTE;jul/15;9.109,74
746;NORTE;jul/15;5.020,20
747;SUDESTE/CO;jul/15;33.015,55
748;SUL;jul/15;9.805,12
749;NORDESTE;ago/15;9.208,78
750;NORTE;ago/15;5.236,49
751;SUDESTE/CO;ago/15;33.889,71
752;SUL;ago/15;9.947,70
753;NORDESTE;set/15;9.579,98
754;NORTE;set/15;5.547,03
755;SUDESTE/CO;set/15;35.495,77
756;SUL;set/15;9.914,58
757;NORDESTE;out/15;9.895,76
758;NORTE;out/15;5.538,57
759;SUDESTE/CO;out/15;36.630,36
760;SUL;out/15;10.153,16
761;NORDESTE;nov/15;10.172,93
762;NORTE;nov/15;5.459,61
763;SUDESTE/CO;nov/15;36.322,05
764;SUL;nov/15;10.150,43
765;NORDESTE;dez/15;10.087,10
766;NORTE;dez/15;5.383,42
767;SUDESTE/CO;dez/15;36.608,28
768;SUL;dez/15;10.235,12
769;NORDESTE;jan/16;9.582,80
770;NORTE;jan/16;5.142,32
771;SUDESTE/CO;jan/16;36.556,05
772;SUL;jan/16;11.258,15
773;NORDESTE;fev/16;9.926,13
774;NORTE;fev/16;5.239,37
775;SUDESTE/CO;fev/16;39.524,44
776;SUL;fev/16;11.765,53
777;NORDESTE;mar/16;10.379,10
778;NORTE;mar/16;5.293,72
779;SUDESTE/CO;mar/16;38.455,00
780;SUL;mar/16;10.942,51
781;NORDESTE;abr/16;9.747,01
782;NORTE;abr/16;5.404,04
783;SUDESTE/CO;abr/16;37.695,70
784;SUL;abr/16;11.066,53
785;NORDESTE;mai/16;10.059,76
786;NORTE;mai/16;5.301,94
787;SUDESTE/CO;mai/16;33.979,38
788;SUL;mai/16;9.965,47
789;NORDESTE;jun/16;9.808,77
790;NORTE;jun/16;5.170,98
791;SUDESTE/CO;jun/16;33.271,71
792;SUL;jun/16;10.614,52
793;NORDESTE;jul/16;9.553,56
794;NORTE;jul/16;5.206,95
795;SUDESTE/CO;jul/16;33.182,60
796;SUL;jul/16;10.130,53
797;NORDESTE;ago/16;9.669,98
798;NORTE;ago/16;5.479,00
799;SUDESTE/CO;ago/16;34.310,11
800;SUL;ago/16;10.268,24
801;NORDESTE;set/16;9.897,17
802;NORTE;set/16;5.447,03
803;SUDESTE/CO;set/16;34.770,66
804;SUL;set/16;10.086,56
805;NORDESTE;out/16;10.173,71
806;NORTE;out/16;5.461,13
807;SUDESTE/CO;out/16;35.149,63
808;SUL;out/16;10.209,84
809;NORDESTE;nov/16;10.214,08
810;NORTE;nov/16;5.581,77
811;SUDESTE/CO;nov/16;34.743,51
812;SUL;nov/16;10.780,68
813;NORDESTE;dez/16;10.214,78
814;NORTE;dez/16;5.234,09
815;SUDESTE/CO;dez/16;35.760,88
816;SUL;dez/16;11.188,53
817;NORDESTE;jan/17;10.502,29
818;NORTE;jan/17;5.077,38
819;SUDESTE/CO;jan/17;38.977,42
820;SUL;jan/17;11.900,66
821;NORDESTE;fev/17;10.535,21
822;NORTE;fev/17;5.165,33
823;SUDESTE/CO;fev/17;40.063,10
824;SUL;fev/17;12.529,68
825;NORDESTE;mar/17;10.768,35
826;NORTE;mar/17;5.392,11
827;SUDESTE/CO;mar/17;39.435,95
828;SUL;mar/17;11.668,03
829;NORDESTE;abr/17;10.364,33
830;NORTE;abr/17;5.287,42
831;SUDESTE/CO;abr/17;35.806,01
832;SUL;abr/17;10.432,53
833;NORDESTE;mai/17;10.271,39
834;NORTE;mai/17;5.590,20
835;SUDESTE/CO;mai/17;34.414,14
836;SUL;mai/17;10.260,22
837;NORDESTE;jun/17;9.900,80
838;NORTE;jun/17;5.474,74
839;SUDESTE/CO;jun/17;33.858,78
840;SUL;jun/17;10.338,19
841;NORDESTE;jul/17;9.408,81
842;NORTE;jul/17;5.307,82
843;SUDESTE/CO;jul/17;32.552,04
844;SUL;jul/17;10.483,78
845;NORDESTE;ago/17;9.772,25
846;NORTE;ago/17;5.572,57
847;SUDESTE/CO;ago/17;33.822,72
848;SUL;ago/17;10.610,79
849;NORDESTE;set/17;9.701,75
850;NORTE;set/17;5.625,76
851;SUDESTE/CO;set/17;35.533,97
852;SUL;set/17;10.793,34
853;NORDESTE;out/17;10.229,79
854;NORTE;out/17;5.600,03
855;SUDESTE/CO;out/17;36.599,19
856;SUL;out/17;10.469,67
857;NORDESTE;nov/17;10.371,39
858;NORTE;nov/17;5.554,90
859;SUDESTE/CO;nov/17;35.812,95
860;SUL;nov/17;10.811,51
861;NORDESTE;dez/17;10.462,24
862;NORTE;dez/17;5.383,59
863;SUDESTE/CO;dez/17;36.736,47
864;SUL;dez/17;11.376,12
865;NORDESTE;jan/18;10.540,96
866;NORTE;jan/18;5.275,12
867;SUDESTE/CO;jan/18;39.014,78
868;SUL;jan/18;11.694,57
869;NORDESTE;fev/18;10.360,76
870;NORTE;fev/18;5.383,37
871;SUDESTE/CO;fev/18;38.538,91
872;SUL;fev/18;12.090,04
873;NORDESTE;mar/18;10.573,49
874;NORTE;mar/18;5.561,76
875;SUDESTE/CO;mar/18;40.027,98
876;SUL;mar/18;11.891,16
877;NORDESTE;abr/18;10.367,04
878;NORTE;abr/18;5.318,74
879;SUDESTE/CO;abr/18;36.675,95
880;SUL;abr/18;11.543,85
881;NORDESTE;mai/18;10.193,69
882;NORTE;mai/18;5.184,07
883;SUDESTE/CO;mai/18;34.197,82
884;SUL;mai/18;10.430,37
885;NORDESTE;jun/18;9.852,02
886;NORTE;jun/18;5.221,35
887;SUDESTE/CO;jun/18;33.858,14
888;SUL;jun/18;10.608,30
889;NORDESTE;jul/18;9.830,90
890;NORTE;jul/18;5.115,06
891;SUDESTE/CO;jul/18;33.919,26
892;SUL;jul/18;10.742,02
893;NORDESTE;ago/18;9.976,72
894;NORTE;ago/18;5.278,88
895;SUDESTE/CO;ago/18;34.465,46
896;SUL;ago/18;10.694,29
897;NORDESTE;set/18;10.233,54
898;NORTE;set/18;5.402,49
899;SUDESTE/CO;set/18;35.488,20
900;SUL;set/18;10.456,40
901;NORDESTE;out/18;10.800,47
902;NORTE;out/18;5.431,14
903;SUDESTE/CO;out/18;36.868,93
904;SUL;out/18;10.755,89
905;NORDESTE;nov/18;10.785,05
906;NORTE;nov/18;5.293,62
907;SUDESTE/CO;nov/18;36.719,20
908;SUL;nov/18;11.306,87
909;NORDESTE;dez/18;10.447,94
910;NORTE;dez/18;5.137,02
911;SUDESTE/CO;dez/18;38.158,38
912;SUL;dez/18;11.532,72
913;NORDESTE;jan/19;10.930,89
914;NORTE;jan/19;5.298,13
915;SUDESTE/CO;jan/19;42.133,93
916;SUL;jan/19;12.833,96
917;NORDESTE;fev/19;11.239,43
918;NORTE;fev/19;5.503,67
919;SUDESTE/CO;fev/19;40.667,00
920;SUL;fev/19;12.392,63
921;NORDESTE;mar/19;10.848,00
922;NORTE;mar/19;5.416,77
923;SUDESTE/CO;mar/19;38.892,68
924;SUL;mar/19;11.542,73
925;NORDESTE;abr/19;10.927,68
926;NORTE;abr/19;5.364,51
927;SUDESTE/CO;abr/19;37.888,03
928;SUL;abr/19;11.319,71
929;NORDESTE;mai/19;10.826,00
930;NORTE;mai/19;5.514,03
931;SUDESTE/CO;mai/19;35.795,57
932;SUL;mai/19;10.705,12
933;NORDESTE;jun/19;9.922,86
934;NORTE;jun/19;5.448,67
935;SUDESTE/CO;jun/19;34.226,92
936;SUL;jun/19;10.502,50
937;NORDESTE;jul/19;9.820,86
938;NORTE;jul/19;5.374,95
939;SUDESTE/CO;jul/19;33.569,62
940;SUL;jul/19;10.699,20
941;NORDESTE;ago/19;9.774,33
942;NORTE;ago/19;5.541,23
943;SUDESTE/CO;ago/19;34.180,65
944;SUL;ago/19;10.807,31
945;NORDESTE;set/19;10.106,95
946;NORTE;set/19;5.662,78
947;SUDESTE/CO;set/19;36.699,72
948;SUL;set/19;10.731,14
949;NORDESTE;out/19;10.696,64
950;NORTE;out/19;5.596,46
951;SUDESTE/CO;out/19;37.918,25
952;SUL;out/19;11.370,05
953;NORDESTE;nov/19;11.085,56
954;NORTE;nov/19;5.703,99
955;SUDESTE/CO;nov/19;37.089,43
956;SUL;nov/19;11.552,51
957;NORDESTE;dez/19;11.129,12
958;NORTE;dez/19;5.580,74
959;SUDESTE/CO;dez/19;36.887,27
960;SUL;dez/19;11.626,44
961;NORDESTE;jan/20;10.952,56
962;NORTE;jan/20;5.412,00
963;SUDESTE/CO;jan/20;39.577,57
964;SUL;jan/20;12.599,13
965;NORDESTE;fev/20;10.995,71
966;NORTE;fev/20;5.513,53
967;SUDESTE/CO;fev/20;39.505,45
968;SUL;fev/20;12.781,99
969;NORDESTE;mar/20;10.597,10
970;NORTE;mar/20;5.347,47
971;SUDESTE/CO;mar/20;37.954,85
972;SUL;mar/20;12.310,29
973;NORDESTE;abr/20;9.592,04
974;NORTE;abr/20;4.921,12
975;SUDESTE/CO;abr/20;32.396,52
976;SUL;abr/20;10.265,75
977;NORDESTE;mai/20;9.470,41
978;NORTE;mai/20;5.111,48
979;SUDESTE/CO;mai/20;31.278,08
980;SUL;mai/20;10.095,40
981;NORDESTE;jun/20;9.441,39
982;NORTE;jun/20;5.286,12
983;SUDESTE/CO;jun/20;32.643,98
984;SUL;jun/20;10.185,78
985;NORDESTE;jul/20;9.612,53
986;NORTE;jul/20;5.387,09
987;SUDESTE/CO;jul/20;33.652,79
988;SUL;jul/20;10.414,71
989;NORDESTE;ago/20;9.809,27
990;NORTE;ago/20;5.753,43
991;SUDESTE/CO;ago/20;34.682,81
992;SUL;ago/20;10.424,31
993;NORDESTE;set/20;10.132,21
994;NORTE;set/20;5.918,47
995;SUDESTE/CO;set/20;38.260,49
996;SUL;set/20;11.012,74
997;NORDESTE;out/20;11.048,55
998;NORTE;out/20;5.961,54
999;SUDESTE/CO;out/20;38.984,22
1000;SUL;out/20;11.537,25
1001;NORDESTE;nov/20;10.790,93
1002;NORTE;nov/20;5.777,47
1003;SUDESTE/CO;nov/20;37.609,39
1004;SUL;nov/20;11.927,27
1005;NORDESTE;dez/20;11.165,52
1006;NORTE;dez/20;5.806,54
1007;SUDESTE/CO;dez/20;39.185,01
1008;SUL;dez/20;11.917,91
1009;NORDESTE;jan/21;11.104,46
1010;NORTE;jan/21;5.519,24
1011;SUDESTE/CO;jan/21;40.893,73
1012;SUL;jan/21;12.380,84
1013;NORDESTE;fev/21;11.218,18
1014;NORTE;fev/21;5.661,05
1015;SUDESTE/CO;fev/21;40.791,13
1016;SUL;fev/21;12.689,41
1017;NORDESTE;mar/21;11.499,67
1018;NORTE;mar/21;5.821,54
1019;SUDESTE/CO;mar/21;41.979,20
1020;SUL;mar/21;12.923,32
1021;NORDESTE;abr/21;11.163,71
1022;NORTE;abr/21;6.006,17
1023;SUDESTE/CO;abr/21;38.720,88
1024;SUL;abr/21;12.000,24
1025;NORDESTE;mai/21;10.767,94
1026;NORTE;mai/21;6.008,31
1027;SUDESTE/CO;mai/21;38.155,86
1028;SUL;mai/21;11.421,82
1029;NORDESTE;jun/21;10.967,23
1030;NORTE;jun/21;5.959,34
1031;SUDESTE/CO;jun/21;37.596,18
1032;SUL;jun/21;11.291,34
1033;NORDESTE;jul/21;11.038,13
1034;NORTE;jul/21;5.939,41
1035;SUDESTE/CO;jul/21;36.489,12
1036;SUL;jul/21;11.619,35
1037;NORDESTE;ago/21;11.276,10
1038;NORTE;ago/21;6.283,03
1039;SUDESTE/CO;ago/21;38.117,23
1040;SUL;ago/21;11.642,07
1041;NORDESTE;set/21;11.972,60
1042;NORTE;set/21;6.351,77
1043;SUDESTE/CO;set/21;40.340,28
1044;SUL;set/21;11.449,04
1045;NORDESTE;out/21;12.179,03
1046;NORTE;out/21;6.170,16
1047;SUDESTE/CO;out/21;37.630,33
1048;SUL;out/21;11.084,30
1049;NORDESTE;nov/21;11.923,98
1050;NORTE;nov/21;6.124,62
1051;SUDESTE/CO;nov/21;39.761,94
1052;SUL;nov/21;12.468,52
1053;NORDESTE;dez/21;11.664,32
1054;NORTE;dez/21;5.973,28
1055;SUDESTE/CO;dez/21;39.777,99
1056;SUL;dez/21;12.665,26
1057;NORDESTE;jan/22;11.272,55
1058;NORTE;jan/22;5.763,09
1059;SUDESTE/CO;jan/22;41.225,27
1060;SUL;jan/22;13.600,34
1061;NORDESTE;fev/22;11.754,37
1062;NORTE;fev/22;5.855,55
1063;SUDESTE/CO;fev/22;42.446,90
1064;SUL;fev/22;13.706,17
1065;NORDESTE;mar/22;11.567,36
1066;NORTE;mar/22;5.688,88
1067;SUDESTE/CO;mar/22;44.403,23
1068;SUL;mar/22;12.617,74
1069;NORDESTE;abr/22;11.332,98
1070;NORTE;abr/22;5.851,57
1071;SUDESTE/CO;abr/22;40.913,24
1072;SUL;abr/22;11.135,39
1073;NORDESTE;mai/22;11.080,76
1074;NORTE;mai/22;6.039,45
1075;SUDESTE/CO;mai/22;38.288,30
1076;SUL;mai/22;11.049,63
1077;NORDESTE;jun/22;10.408,51
1078;NORTE;jun/22;6.068,86
1079;SUDESTE/CO;jun/22;37.455,67
1080;SUL;jun/22;11.211,20
1081;NORDESTE;jul/22;10.488,69
1082;NORTE;jul/22;6.279,74
1083;SUDESTE/CO;jul/22;37.825,30
1084;SUL;jul/22;11.335,33
1085;NORDESTE;ago/22;10.808,89
1086;NORTE;ago/22;6.583,72
1087;SUDESTE/CO;ago/22;38.015,06
1088;SUL;ago/22;11.085,67
1089;NORDESTE;set/22;10.992,91
1090;NORTE;set/22;6.698,70
1091;SUDESTE/CO;set/22;38.464,87
1092;SUL;set/22;11.042,75
1093;NORDESTE;out/22;11.621,16
1094;NORTE;out/22;6.642,54
1095;SUDESTE/CO;out/22;39.624,20
1096;SUL;out/22;10.787,16
1097;NORDESTE;nov/22;11.456,45
1098;NORTE;nov/22;6.590,32
1099;SUDESTE/CO;nov/22;38.870,22
1100;SUL;nov/22;11.383,32
1101;NORDESTE;dez/22;11.308,88
1102;NORTE;dez/22;6.482,19
1103;SUDESTE/CO;dez/22;38.728,20
1104;SUL;dez/22;12.022,32
1105;NORDESTE;jan/23;11.510,28
1106;NORTE;jan/23;6.301,60
1107;SUDESTE/CO;jan/23;39.957,99
1108;SUL;jan/23;13.003,63
1109;NORDESTE;fev/23;11.813,24
1110;NORTE;fev/23;6.432,48
1111;SUDESTE/CO;fev/23;42.456,56
1112;SUL;fev/23;13.121,99
1113;NORDESTE;mar/23;11.487,94
1114;NORTE;mar/23;6.651,46
1115;SUDESTE/CO;mar/23;43.184,89
1116;SUL;mar/23;13.524,78
1117;NORDESTE;abr/23;11.321,74
1118;NORTE;abr/23;6.798,25
1119;SUDESTE/CO;abr/23;39.473,59
1120;SUL;abr/23;11.549,97
1121;NORDESTE;mai/23;11.956,66
1122;NORTE;mai/23;7.190,17
1123;SUDESTE/CO;mai/23;39.817,59
1124;SUL;mai/23;12.072,26
1125;NORDESTE;jun/23;11.653,24
1126;NORTE;jun/23;7.115,85
1127;SUDESTE/CO;jun/23;38.619,01
1128;SUL;jun/23;11.714,03
1129;NORDESTE;jul/23;11.600,14
1130;NORTE;jul/23;7.210,47
1131;SUDESTE/CO;jul/23;38.360,99
1132;SUL;jul/23;11.801,40
1133;NORDESTE;ago/23;11.989,97
1134;NORTE;ago/23;7.557,02
1135;SUDESTE/CO;ago/23;40.747,42
1136;SUL;ago/23;12.204,29
1137;NORDESTE;set/23;12.315,06
1138;NORTE;set/23;7.746,98
1139;SUDESTE/CO;set/23;43.415,48
1140;SUL;set/23;12.237,75
1141;NORDESTE;out/23;13.051,16
1142;NORTE;out/23;7.763,91
1143;SUDESTE/CO;out/23;44.093,90
1144;SUL;out/23;12.344,29
1145;NORDESTE;nov/23;13.514,74
1146;NORTE;nov/23;7.618,25
1147;SUDESTE/CO;nov/23;46.313,89
1148;SUL;nov/23;13.212,25
1149;NORDESTE;dez/23;13.170,85
1150;NORTE;dez/23;7.249,95
1151;SUDESTE/CO;dez/23;46.195,92
1152;SUL;dez/23;14.019,74
1153;NORDESTE;jan/24;13.173,18
1154;NORTE;jan/24;7.282,62
1155;SUDESTE/CO;jan/24;45.239,25
1156;SUL;jan/24;14.048,42
1157;NORDESTE;fev/24;13.191,39
1158;NORTE;fev/24;7.311,07
1159;SUDESTE/CO;fev/24;46.597,78
1160;SUL;fev/24;15.666,30
1161;NORDESTE;mar/24;13.409,23
1162;NORTE;mar/24;7.383,89
1163;SUDESTE/CO;mar/24;47.170,80
1164;SUL;mar/24;14.535,69
1165;NORDESTE;abr/24;13.074,20
1166;NORTE;abr/24;7.441,54
1167;SUDESTE/CO;abr/24;45.701,52
1168;SUL;abr/24;13.518,56
1169;NORDESTE;mai/24;12.821,14
1170;NORTE;mai/24;7.703,42
1171;SUDESTE/CO;mai/24;44.316,93
1172;SUL;mai/24;12.542,55
1173;NORDESTE;jun/24;12.193,81
1174;NORTE;jun/24;7.721,25
1175;SUDESTE/CO;jun/24;41.439,09
1176;SUL;jun/24;12.601,21
1177;NORDESTE;jul/24;12.296,83
1178;NORTE;jul/24;7.813,43
1179;SUDESTE/CO;jul/24;41.012,29
1180;SUL;jul/24;12.955,00
1181;NORDESTE;ago/24;12.832,09
1182;NORTE;ago/24;8.105,58
1183;SUDESTE/CO;ago/24;42.059,60
1184;SUL;ago/24;13.015,82
1185;NORDESTE;set/24;13.109,96
1186;NORTE;set/24;8.498,04
1187;SUDESTE/CO;set/24;45.974,78
1188;SUL;set/24;12.846,21
1189;NORDESTE;out/24;13.749,61
1190;NORTE;out/24;8.375,46
1191;SUDESTE/CO;out/24;45.186,27
1192;SUL;out/24;13.452,27
1193;NORDESTE;nov/24;13.833,60
1194;NORTE;nov/24;8.294,47
1195;SUDESTE/CO;nov/24;44.152,97
1196;SUL;nov/24;14.324,71
1197;NORDESTE;dez/24;13.769,79
1198;NORTE;dez/24;7.895,49
1199;SUDESTE/CO;dez/24;44.722,32
1200;SUL;dez/24;13.162,19
1201;NORDESTE;jan/25;13.413,74
1202;NORTE;jan/25;7.636,91
1203;SUDESTE/CO;jan/25;46.753,53
1204;SUL;jan/25;15.296,75
1205;NORDESTE;fev/25;13.739,95
1206;NORTE;fev/25;7.705,45
1207;SUDESTE/CO;fev/25;51.048,59
1208;SUL;fev/25;16.712,78
1209;NORDESTE;mar/25;13.790,46
1210;NORTE;mar/25;7.945,51
1211;SUDESTE/CO;mar/25;48.550,61
1212;SUL;mar/25;15.662,13
1213;NORDESTE;abr/25;13.829,25
1214;NORTE;abr/25;8.099,94
1215;SUDESTE/CO;abr/25;44.250,03
1216;SUL;abr/25;13.190,36
1217;NORDESTE;mai/25;13.322,29
1218;NORTE;mai/25;8.147,80
1219;SUDESTE/CO;mai/25;41.856,36
1220;SUL;mai/25;12.914,78
1221;NORDESTE;jun/25;13.131,79
1222;NORTE;jun/25;8.219,81
1223;SUDESTE/CO;jun/25;42.065,74
1224;SUL;jun/25;12.988,40
